DROP TABLE IF EXISTS productbatch_component;
DROP TABLE IF EXISTS productbatch;
DROP TABLE IF EXISTS operator;
DROP TABLE IF EXISTS formula_component;
DROP TABLE IF EXISTS formula;
DROP TABLE IF EXISTS materialbatch;
DROP TABLE IF EXISTS material;

CREATE TABLE operator(opr_id INT PRIMARY KEY AUTO_INCREMENT, opr_name TEXT, ini TEXT, cpr TEXT, password TEXT) ENGINE=innoDB;
 
CREATE TABLE material(material_id INT PRIMARY KEY AUTO_INCREMENT, material_name TEXT, provider TEXT) ENGINE=innoDB;

CREATE TABLE materialbatch(mb_id INT PRIMARY KEY AUTO_INCREMENT, material_id INT NOT NULL, quantity REAL, 
   FOREIGN KEY (material_id) REFERENCES material(material_id)) ENGINE=innoDB;

CREATE TABLE formula(formula_id INT PRIMARY KEY AUTO_INCREMENT, formula_name TEXT) ENGINE=innoDB;

CREATE TABLE formula_component(formula_id INT, material_id INT, nom_netto REAL, tolerance REAL, 
   PRIMARY KEY (formula_id, material_id), 
   FOREIGN KEY (formula_id) REFERENCES formula(formula_id), 
   FOREIGN KEY (material_id) REFERENCES material(material_id)) ENGINE=innoDB;

CREATE TABLE productbatch(pb_id INT PRIMARY KEY AUTO_INCREMENT, status INT, formula_id INT NOT NULL, 
   FOREIGN KEY (formula_id) REFERENCES formula(formula_id)) ENGINE=innoDB;

CREATE TABLE productbatch_component(pb_id INT, mb_id INT, tare REAL, netto REAL, opr_id INT NOT NULL, 
   PRIMARY KEY (pb_id, mb_id), 
   FOREIGN KEY (pb_id) REFERENCES productbatch(pb_id), 
   FOREIGN KEY (mb_id) REFERENCES materialbatch(mb_id), 
   FOREIGN KEY (opr_id) REFERENCES operator(opr_id)) ENGINE=innoDB;


INSERT INTO operator(opr_id, opr_name, ini, cpr, password) VALUES
(1, 'Angelo A', 'AA', '070770-7007', 'lKje4fa'),
(2, 'Antonella B', 'AB', '080880-8008', 'atoJ21v'),
(3, 'Luigi C', 'LC', '090990-9009', 'jEfm5aQ');

INSERT INTO material(material_id, material_name, provider) VALUES
(1, 'dej', 'Wawelka'),
(2, 'tomat', 'Knoor'),
(3, 'tomat', 'Veaubais'),
(4, 'tomat', 'Franz'),
(5, 'ost', 'Ost og Skinke A/S'),
(6, 'skinke', 'Ost og Skinke A/S'),
(7, 'champignon', 'Igloo Frostvarer');

INSERT INTO materialbatch(mb_id, material_id, quantity) VALUES
(1, 1, 1000),
(2, 2, 300),
(3, 3, 300),
(4, 5, 100),
(5, 5, 100), 
(6, 6, 100),
(7, 7, 100);

INSERT INTO formula(formula_id, formula_name) VALUES
(1, 'margherita'),
(2, 'prosciutto'),
(3, 'capricciosa');


INSERT INTO formula_component(formula_id, material_id, nom_netto, tolerance) VALUES
(1, 1, 10.0, 0.1),
(1, 2, 2.0, 0.1),
(1, 5, 2.0, 0.1),

(2, 1, 10.0, 0.1),
(2, 3, 2.0, 0.1),  
(2, 5, 1.5, 0.1),
(2, 6, 1.5, 0.1),

(3, 1, 10.0, 0.1),
(3, 4, 1.5, 0.1),
(3, 5, 1.5, 0.1),
(3, 6, 1.0, 0.1),
(3, 7, 1.0, 0.1);

INSERT INTO productbatch(pb_id, formula_id, status) VALUES
(1, 1, 2), 
(2, 1, 2),
(3, 2, 2),
(4, 3, 1),
(5, 3, 0);


INSERT INTO productbatch_component(pb_id, mb_id, tare, netto, opr_id) VALUES
(1, 1, 0.5, 10.05, 1),
(1, 2, 0.5, 2.03, 1),
(1, 4, 0.5, 1.98, 1),

(2, 1, 0.5, 10.01, 2),
(2, 2, 0.5, 1.99, 2),
(2, 5, 0.5, 1.47, 2),

(3, 1, 0.5, 10.07, 1),
(3, 3, 0.5, 2.06, 2),
(3, 4, 0.5, 1.55, 1),
(3, 6, 0.5, 1.53, 2),

(4, 1, 0.5, 10.02, 3),
(4, 5, 0.5, 1.57, 3),
(4, 6, 0.5, 1.03, 3),
(4, 7, 0.5, 0.99, 3);